Bill ID,Bill Number,Bill Date,Due Date,Vendor ID,Vendor Name,Vendor GSTIN,Source of Supply,Status,Currency Code,Exchange Rate,Expense Account,Item Description,Quantity,Rate,Tax Name,Tax Percentage,Tax Amount,SubTotal,Total,Balance,Purchase Order Number,GRN Number,Department,Branch,Reference Number,Notes
ZB-2001,BILL-2001,2025-04-06,2025-04-21,VEND-003,Crest Logistics,19AADCC3333C1Z3,West Bengal,Overdue,INR,1,Freight & Delivery,Packaging material,52,2147,GST 18%,18,20095.92,111644,131739.92,131739.92,PO-4081,GRN-4962,Operations,Delhi,VR-8508,Synthetic Zoho-style export
ZB-2002,BILL-2002,2025-04-07,2025-05-07,VEND-001,Alpha Supplies Pvt Ltd,24AADCA1111A1Z1,Gujarat,Paid,INR,1,Professional Fees,Technology service,67,2407,GST 18%,18,29028.42,161269,190297.42,0,PO-6702,GRN-6836,Operations,Kolkata,VR-5636,Synthetic Zoho-style export
ZB-2003,BILL-2003,2025-04-07,2025-05-22,VEND-001,Alpha Supplies Pvt Ltd,24AADCA1111A1Z1,Gujarat,Paid,INR,1,Purchases,Transport service,67,2903,GST 18%,18,35010.18,194501,229511.18,0,PO-6281,GRN-6159,Finance,Ahmedabad,VR-1045,Synthetic Zoho-style export
ZB-2004,BILL-2004,2025-04-04,2025-05-19,VEND-008,Horizon Security,,Gujarat,Paid,INR,1,Freight & Delivery,Technology service,88,2971,GST 18%,18,47060.64,261448,308508.64,0,PO-5964,GRN-6301,Technology,Delhi,VR-2848,Vendor GSTIN intentionally blank for validation practice
ZB-2005,BILL-2005,2025-04-25,2025-05-25,VEND-004,Dyna Services,07AADCD4444D1Z4,Delhi,Paid,INR,1,Professional Fees,Packaging material,12,2012,GST 18%,18,4345.92,24144,28489.92,0,PO-6618,,Finance,Ahmedabad,VR-7974,Synthetic Zoho-style export
ZB-2006,BILL-2006,2025-04-13,2025-05-28,VEND-008,Horizon Security,,Gujarat,Paid,INR,1,Repairs & Maintenance,Technology service,81,1295,GST 18%,18,18881.1,104895,123776.1,0,PO-5457,GRN-4570,Sales,Bengaluru,VR-8252,Vendor GSTIN intentionally blank for validation practice
ZB-2007,BILL-2007,2025-04-16,2025-05-31,VEND-007,Global Packaging,24AADCG7777G1Z7,Gujarat,Overdue,INR,1,Purchases,Technology service,25,1922,GST 18%,18,8649,48050,56699,56699,PO-4504,GRN-5182,Operations,Ahmedabad,VR-5524,Synthetic Zoho-style export
ZB-2008,BILL-2008,2025-04-09,2025-05-24,VEND-001,Alpha Supplies Pvt Ltd,24AADCA1111A1Z1,Gujarat,Paid,INR,1,Purchases,Technology service,27,1256,GST 18%,18,6104.16,33912,40016.16,0,PO-6839,GRN-6499,Sales,Ahmedabad,VR-2505,Synthetic Zoho-style export
ZB-2009,BILL-2009,2025-05-04,2025-06-03,VEND-006,FastTrack Transport,33AADCF6666F1Z6,Tamil Nadu,Paid,INR,1,Freight & Delivery,Transport service,73,1303,GST 18%,18,17121.42,95119,112240.42,0,PO-4205,GRN-4627,Finance,Kolkata,VR-2040,Synthetic Zoho-style export
ZB-2010,BILL-2010,2025-05-03,2025-06-17,VEND-001,Alpha Supplies Pvt Ltd,24AADCA1111A1Z1,Gujarat,Paid,INR,1,Freight & Delivery,Facility service,51,2257,GST 18%,18,20719.26,115107,135826.26,0,PO-6236,GRN-4767,Sales,Delhi,VR-1019,Synthetic Zoho-style export
ZB-2011,BILL-2011,2025-05-08,2025-06-07,VEND-003,Crest Logistics,19AADCC3333C1Z3,West Bengal,Paid,INR,1,Repairs & Maintenance,Facility service,30,2130,GST 18%,18,11502,63900,75402,0,PO-6946,GRN-6905,Administration,Ahmedabad,VR-2275,Synthetic Zoho-style export
ZB-2012,BILL-2012,2025-05-06,2025-06-20,VEND-005,Evergreen Technologies,29AADCE5555E1Z5,Karnataka,Paid,INR,1,Repairs & Maintenance,Packaging material,74,2341,GST 18%,18,31182.12,173234,204416.12,0,PO-6924,GRN-5840,Technology,Delhi,VR-4325,Synthetic Zoho-style export
ZB-2013,BILL-2013,2025-05-16,2025-06-30,VEND-007,Global Packaging,24AADCG7777G1Z7,Gujarat,Paid,INR,1,Professional Fees,Transport service,39,1036,GST 18%,18,7272.72,40404,47676.72,0,PO-5366,GRN-5314,Administration,Ahmedabad,VR-8328,Synthetic Zoho-style export
ZB-2014,BILL-2014,2025-05-21,2025-06-20,VEND-007,Global Packaging,24AADCG7777G1Z7,Gujarat,Overdue,INR,1,Professional Fees,Technology service,62,2920,GST 18%,18,32587.2,181040,213627.2,213627.2,PO-6113,GRN-5578,Sales,Delhi,VR-8651,Synthetic Zoho-style export
ZB-2015,BILL-2015,2025-05-23,2025-07-07,VEND-004,Dyna Services,07AADCD4444D1Z4,Delhi,Paid,INR,1,Professional Fees,Facility service,68,2403,GST 18%,18,29412.72,163404,192816.72,0,PO-4314,GRN-5815,Finance,Mumbai,VR-8779,Synthetic Zoho-style export
ZB-2016,BILL-2016,2025-05-01,2025-05-16,VEND-002,BoxPro Materials,27AADCB2222B1Z2,Maharashtra,Paid,INR,1,Freight & Delivery,Facility service,52,1040,GST 18%,18,9734.4,54080,63814.4,0,PO-4543,GRN-5722,Administration,Bengaluru,VR-5317,Synthetic Zoho-style export
ZB-2017,BILL-2017,2025-06-14,2025-07-14,VEND-002,BoxPro Materials,27AADCB2222B1Z2,Maharashtra,Paid,INR,1,Professional Fees,Facility service,62,2875,GST 18%,18,32085,178250,210335,0,PO-4433,GRN-4857,Sales,Ahmedabad,VR-1802,Synthetic Zoho-style export
ZB-2018,BILL-2018,2025-06-24,2025-07-09,VEND-001,Alpha Supplies Pvt Ltd,24AADCA1111A1Z1,Gujarat,Paid,INR,1,Purchases,Facility service,21,1192,GST 18%,18,4505.76,25032,29537.76,0,PO-6540,GRN-5700,Operations,Kolkata,VR-3222,Synthetic Zoho-style export
ZB-2019,BILL-2019,2025-06-04,2025-06-19,VEND-002,BoxPro Materials,27AADCB2222B1Z2,Maharashtra,Paid,INR,1,Repairs & Maintenance,Facility service,56,1783,GST 18%,18,17972.64,99848,117820.64,0,PO-4171,GRN-4432,Technology,Kolkata,VR-3383,Synthetic Zoho-style export
ZB-2020,BILL-2020,2025-06-18,2025-07-18,VEND-004,Dyna Services,07AADCD4444D1Z4,Delhi,Paid,INR,1,Repairs & Maintenance,Facility service,66,1917,GST 18%,18,22773.96,126522,149295.96,0,PO-5772,GRN-5358,Technology,Bengaluru,VR-2762,Synthetic Zoho-style export
ZB-2021,BILL-2021,2025-06-25,2025-07-10,VEND-006,FastTrack Transport,33AADCF6666F1Z6,Tamil Nadu,Partially Paid,INR,1,Professional Fees,Technology service,45,2187,GST 18%,18,17714.7,98415,116129.7,58064.85,PO-5087,GRN-6676,Operations,Bengaluru,VR-8345,Synthetic Zoho-style export
ZB-2022,BILL-2022,2025-06-06,2025-07-21,VEND-007,Global Packaging,24AADCG7777G1Z7,Gujarat,Paid,INR,1,Repairs & Maintenance,Technology service,11,2932,GST 18%,18,5805.36,32252,38057.36,0,PO-4733,GRN-4307,Administration,Ahmedabad,VR-7700,Synthetic Zoho-style export
ZB-2023,BILL-2023,2025-06-24,2025-07-24,VEND-007,Global Packaging,24AADCG7777G1Z7,Gujarat,Paid,INR,1,Freight & Delivery,Packaging material,64,2610,GST 18%,18,30067.2,167040,197107.2,0,PO-6637,GRN-4299,Sales,Mumbai,VR-1802,Synthetic Zoho-style export
ZB-2024,BILL-2024,2025-06-22,2025-07-07,VEND-001,Alpha Supplies Pvt Ltd,24AADCA1111A1Z1,Gujarat,Overdue,INR,1,Repairs & Maintenance,Technology service,57,1305,GST 18%,18,13389.3,74385,87774.3,87774.3,PO-6487,GRN-5004,Technology,Mumbai,VR-3383,Synthetic Zoho-style export
ZB-2025,BILL-2025,2025-07-10,2025-07-25,VEND-001,Alpha Supplies Pvt Ltd,24AADCA1111A1Z1,Gujarat,Paid,INR,1,Repairs & Maintenance,Facility service,15,1269,GST 18%,18,3426.3,19035,22461.3,0,PO-5060,GRN-6316,Sales,Ahmedabad,VR-2332,Synthetic Zoho-style export
ZB-2026,BILL-2026,2025-07-09,2025-08-08,VEND-008,Horizon Security,,Gujarat,Paid,INR,1,Repairs & Maintenance,Packaging material,20,2597,GST 18%,18,9349.2,51940,61289.2,0,PO-5766,GRN-6762,Operations,Delhi,VR-1987,Vendor GSTIN intentionally blank for validation practice
ZB-2027,BILL-2027,2025-07-09,2025-07-24,VEND-005,Evergreen Technologies,29AADCE5555E1Z5,Karnataka,Paid,INR,1,Professional Fees,Technology service,19,1808,GST 18%,18,6183.36,34352,40535.36,0,PO-5101,GRN-4740,Technology,Kolkata,VR-5555,Synthetic Zoho-style export
ZB-2028,BILL-2028,2025-07-22,2025-09-05,VEND-001,Alpha Supplies Pvt Ltd,24AADCA1111A1Z1,Gujarat,Overdue,INR,1,Repairs & Maintenance,Technology service,77,2427,GST 18%,18,33638.22,186879,220517.22,220517.22,PO-4520,,Administration,Bengaluru,VR-1633,Synthetic Zoho-style export
ZB-2029,BILL-2029,2025-07-13,2025-07-28,VEND-001,Alpha Supplies Pvt Ltd,24AADCA1111A1Z1,Gujarat,Partially Paid,INR,1,Freight & Delivery,Facility service,47,949,GST 18%,18,8028.54,44603,52631.54,26315.77,PO-6034,GRN-4076,Administration,Ahmedabad,VR-6727,Synthetic Zoho-style export
ZB-2030,BILL-2030,2025-07-20,2025-08-04,VEND-001,Alpha Supplies Pvt Ltd,24AADCA1111A1Z1,Gujarat,Overdue,INR,1,Professional Fees,Transport service,63,2283,GST 18%,18,25889.22,143829,169718.22,169718.22,PO-5847,GRN-5006,Operations,Mumbai,VR-5390,Synthetic Zoho-style export
ZB-2031,BILL-2031,2025-07-13,2025-07-28,VEND-007,Global Packaging,24AADCG7777G1Z7,Gujarat,Paid,INR,1,Freight & Delivery,Packaging material,67,1873,GST 18%,18,22588.38,125491,148079.38,0,PO-5539,GRN-5808,Finance,Ahmedabad,VR-2774,Synthetic Zoho-style export
ZB-2032,BILL-2032,2025-07-05,2025-08-04,VEND-008,Horizon Security,,Gujarat,Overdue,INR,1,Freight & Delivery,Facility service,11,2872,GST 18%,18,5686.56,31592,37278.56,37278.56,PO-4881,GRN-4100,Finance,Kolkata,VR-8609,Vendor GSTIN intentionally blank for validation practice
ZB-2033,BILL-2033,2025-08-24,2025-10-08,VEND-001,Alpha Supplies Pvt Ltd,24AADCA1111A1Z1,Gujarat,Overdue,INR,1,Freight & Delivery,Facility service,82,1999,GST 18%,18,29505.24,163918,193423.24,193423.24,PO-4528,,Operations,Ahmedabad,VR-3626,Synthetic Zoho-style export
ZB-2034,BILL-2034,2025-08-09,2025-09-23,VEND-002,BoxPro Materials,27AADCB2222B1Z2,Maharashtra,Paid,INR,1,Professional Fees,Packaging material,70,2196,GST 18%,18,27669.6,153720,181389.6,0,PO-4635,GRN-5354,Sales,Delhi,VR-7987,Synthetic Zoho-style export
ZB-2035,BILL-2035,2025-08-09,2025-09-23,VEND-003,Crest Logistics,19AADCC3333C1Z3,West Bengal,Partially Paid,INR,1,Freight & Delivery,Technology service,43,2317,GST 18%,18,17933.58,99631,117564.58,58782.29,PO-5092,GRN-6611,Administration,Ahmedabad,VR-5329,Synthetic Zoho-style export
ZB-2036,BILL-2036,2025-08-09,2025-09-23,VEND-006,FastTrack Transport,33AADCF6666F1Z6,Tamil Nadu,Paid,INR,1,Purchases,Technology service,66,2267,GST 18%,18,26931.96,149622,176553.96,0,PO-5557,GRN-5185,Sales,Kolkata,VR-2231,Synthetic Zoho-style export
ZB-2037,BILL-2037,2025-08-10,2025-09-09,VEND-001,Alpha Supplies Pvt Ltd,24AADCA1111A1Z1,Gujarat,Partially Paid,INR,1,Repairs & Maintenance,Transport service,70,2227,GST 18%,18,28060.2,155890,183950.2,91975.1,PO-4122,GRN-4770,Technology,Delhi,VR-7311,Synthetic Zoho-style export
ZB-2038,BILL-2038,2025-08-05,2025-09-19,VEND-008,Horizon Security,,Gujarat,Paid,INR,1,Repairs & Maintenance,Technology service,34,1091,GST 18%,18,6676.92,37094,43770.92,0,PO-4897,GRN-4014,Finance,Mumbai,VR-3902,Vendor GSTIN intentionally blank for validation practice
ZB-2039,BILL-2039,2025-08-06,2025-09-05,VEND-003,Crest Logistics,19AADCC3333C1Z3,West Bengal,Paid,INR,1,Repairs & Maintenance,Technology service,27,1802,GST 18%,18,8757.72,48654,57411.72,0,PO-5043,GRN-5517,Operations,Delhi,VR-5249,Synthetic Zoho-style export
ZB-2040,BILL-2040,2025-08-07,2025-09-21,VEND-007,Global Packaging,24AADCG7777G1Z7,Gujarat,Overdue,INR,1,Professional Fees,Transport service,51,2553,GST 18%,18,23436.54,130203,153639.54,153639.54,PO-5259,GRN-4370,Technology,Mumbai,VR-9249,Synthetic Zoho-style export
ZB-2041,BILL-2041,2025-09-21,2025-10-21,VEND-003,Crest Logistics,19AADCC3333C1Z3,West Bengal,Partially Paid,INR,1,Professional Fees,Transport service,62,2066,GST 18%,18,23056.56,128092,151148.56,75574.28,PO-5621,GRN-6832,Finance,Bengaluru,VR-9995,Synthetic Zoho-style export
ZB-2042,BILL-2042,2025-09-04,2025-09-19,VEND-005,Evergreen Technologies,29AADCE5555E1Z5,Karnataka,Partially Paid,INR,1,Freight & Delivery,Transport service,16,2302,GST 18%,18,6629.76,36832,43461.76,21730.88,PO-4890,GRN-5065,Sales,Bengaluru,VR-3621,Synthetic Zoho-style export
ZB-2043,BILL-2043,2025-09-25,2025-11-09,VEND-004,Dyna Services,07AADCD4444D1Z4,Delhi,Overdue,INR,1,Freight & Delivery,Transport service,62,2168,GST 18%,18,24194.88,134416,158610.88,158610.88,PO-4770,GRN-6596,Administration,Mumbai,VR-7967,Synthetic Zoho-style export
ZB-2044,BILL-2044,2025-09-07,2025-09-22,VEND-003,Crest Logistics,19AADCC3333C1Z3,West Bengal,Paid,INR,1,Freight & Delivery,Facility service,65,2945,GST 18%,18,34456.5,191425,225881.5,0,PO-6459,GRN-5289,Administration,Kolkata,VR-2984,Synthetic Zoho-style export
ZB-2045,BILL-2045,2025-09-10,2025-10-10,VEND-003,Crest Logistics,19AADCC3333C1Z3,West Bengal,Paid,INR,1,Freight & Delivery,Packaging material,29,2043,GST 18%,18,10664.46,59247,69911.46,0,PO-4875,GRN-5247,Operations,Delhi,VR-4033,Synthetic Zoho-style export
ZB-2046,BILL-2046,2025-09-11,2025-10-11,VEND-008,Horizon Security,,Gujarat,Paid,INR,1,Professional Fees,Transport service,33,2061,GST 18%,18,12242.34,68013,80255.34,0,PO-4967,GRN-5030,Administration,Mumbai,VR-3684,Vendor GSTIN intentionally blank for validation practice
ZB-2047,BILL-2047,2025-09-23,2025-11-07,VEND-003,Crest Logistics,19AADCC3333C1Z3,West Bengal,Partially Paid,INR,1,Repairs & Maintenance,Transport service,22,2208,GST 18%,18,8743.68,48576,57319.68,28659.84,PO-4684,GRN-5940,Technology,Bengaluru,VR-1649,Synthetic Zoho-style export
ZB-2048,BILL-2048,2025-09-19,2025-10-04,VEND-001,Alpha Supplies Pvt Ltd,24AADCA1111A1Z1,Gujarat,Partially Paid,INR,1,Repairs & Maintenance,Technology service,12,2923,GST 18%,18,6313.68,35076,41389.68,20694.84,PO-6078,GRN-6690,Operations,Bengaluru,VR-3699,Synthetic Zoho-style export
ZB-2049,BILL-2049,2025-10-16,2025-10-31,VEND-007,Global Packaging,24AADCG7777G1Z7,Gujarat,Paid,INR,1,Freight & Delivery,Technology service,23,2673,GST 18%,18,11066.22,61479,72545.22,0,PO-5620,GRN-4947,Operations,Mumbai,VR-6791,Synthetic Zoho-style export
ZB-2050,BILL-2050,2025-10-18,2025-11-17,VEND-002,BoxPro Materials,27AADCB2222B1Z2,Maharashtra,Partially Paid,INR,1,Repairs & Maintenance,Packaging material,12,1673,GST 18%,18,3613.68,20076,23689.68,11844.84,PO-5991,GRN-6509,Technology,Ahmedabad,VR-7130,Synthetic Zoho-style export
ZB-2051,BILL-2051,2025-10-13,2025-11-27,VEND-005,Evergreen Technologies,29AADCE5555E1Z5,Karnataka,Paid,INR,1,Purchases,Technology service,20,2169,GST 18%,18,7808.4,43380,51188.4,0,PO-5702,GRN-5783,Administration,Bengaluru,VR-1491,Synthetic Zoho-style export
ZB-2052,BILL-2052,2025-10-20,2025-11-19,VEND-001,Alpha Supplies Pvt Ltd,24AADCA1111A1Z1,Gujarat,Paid,INR,1,Professional Fees,Technology service,86,1784,GST 18%,18,27616.32,153424,181040.32,0,PO-4655,GRN-6992,Operations,Delhi,VR-8378,Synthetic Zoho-style export
ZB-2053,BILL-2053,2025-10-18,2025-11-17,VEND-004,Dyna Services,07AADCD4444D1Z4,Delhi,Overdue,INR,1,Repairs & Maintenance,Packaging material,86,2150,GST 18%,18,33282,184900,218182,218182,PO-4506,GRN-6276,Technology,Kolkata,VR-2845,Synthetic Zoho-style export
ZB-2054,BILL-2054,2025-10-15,2025-10-30,VEND-001,Alpha Supplies Pvt Ltd,24AADCA1111A1Z1,Gujarat,Paid,INR,1,Repairs & Maintenance,Packaging material,48,990,GST 18%,18,8553.6,47520,56073.6,0,PO-4318,GRN-5727,Administration,Mumbai,VR-6675,Synthetic Zoho-style export
ZB-2055,BILL-2055,2025-10-04,2025-11-18,VEND-006,FastTrack Transport,33AADCF6666F1Z6,Tamil Nadu,Paid,INR,1,Professional Fees,Packaging material,85,1256,GST 18%,18,19216.8,106760,125976.8,0,PO-5716,GRN-6544,Administration,Delhi,VR-4155,Synthetic Zoho-style export
ZB-2056,BILL-2056,2025-10-20,2025-11-04,VEND-006,FastTrack Transport,33AADCF6666F1Z6,Tamil Nadu,Paid,INR,1,Purchases,Technology service,46,910,GST 18%,18,7534.8,41860,49394.8,0,PO-6571,GRN-6560,Finance,Bengaluru,VR-3315,Synthetic Zoho-style export
ZB-2057,BILL-2057,2025-11-13,2025-11-28,VEND-005,Evergreen Technologies,29AADCE5555E1Z5,Karnataka,Overdue,INR,1,Professional Fees,Facility service,13,1977,GST 18%,18,4626.18,25701,30327.18,30327.18,PO-6691,GRN-6109,Sales,Kolkata,VR-1691,Synthetic Zoho-style export
ZB-2058,BILL-2058,2025-11-14,2025-12-29,VEND-002,BoxPro Materials,27AADCB2222B1Z2,Maharashtra,Paid,INR,1,Professional Fees,Facility service,61,2642,GST 18%,18,29009.16,161162,190171.16,0,PO-6299,GRN-4402,Sales,Bengaluru,VR-2820,Synthetic Zoho-style export
ZB-2059,BILL-2059,2025-11-04,2025-12-19,VEND-001,Alpha Supplies Pvt Ltd,24AADCA1111A1Z1,Gujarat,Paid,INR,1,Purchases,Facility service,24,1540,GST 18%,18,6652.8,36960,43612.8,0,PO-6161,GRN-6510,Sales,Mumbai,VR-4644,Synthetic Zoho-style export
ZB-2060,BILL-2060,2025-11-09,2025-12-24,VEND-007,Global Packaging,24AADCG7777G1Z7,Gujarat,Paid,INR,1,Repairs & Maintenance,Packaging material,30,2668,GST 18%,18,14407.2,80040,94447.2,0,PO-6724,GRN-4045,Administration,Kolkata,VR-5840,Synthetic Zoho-style export
ZB-2061,BILL-2061,2025-11-16,2025-12-31,VEND-005,Evergreen Technologies,29AADCE5555E1Z5,Karnataka,Overdue,INR,1,Repairs & Maintenance,Transport service,71,1877,GST 18%,18,23988.06,133267,157255.06,157255.06,PO-6497,GRN-6155,Technology,Kolkata,VR-2877,Synthetic Zoho-style export
ZB-2062,BILL-2062,2025-11-15,2025-11-30,VEND-001,Alpha Supplies Pvt Ltd,24AADCA1111A1Z1,Gujarat,Partially Paid,INR,1,Purchases,Facility service,48,1350,GST 18%,18,11664,64800,76464,38232,PO-5400,GRN-6519,Administration,Ahmedabad,VR-5102,Synthetic Zoho-style export
ZB-2063,BILL-2063,2025-11-11,2025-12-26,VEND-003,Crest Logistics,19AADCC3333C1Z3,West Bengal,Paid,INR,1,Repairs & Maintenance,Technology service,32,1009,GST 18%,18,5811.84,32288,38099.84,0,PO-5528,,Finance,Kolkata,VR-2777,Synthetic Zoho-style export
ZB-2064,BILL-2064,2025-11-19,2025-12-19,VEND-001,Alpha Supplies Pvt Ltd,24AADCA1111A1Z1,Gujarat,Paid,INR,1,Professional Fees,Transport service,50,2760,GST 18%,18,24840,138000,162840,0,PO-6290,GRN-4510,Administration,Bengaluru,VR-3596,Synthetic Zoho-style export
ZB-2065,BILL-2065,2025-12-12,2026-01-26,VEND-008,Horizon Security,,Gujarat,Paid,INR,1,Purchases,Transport service,74,1322,GST 18%,18,17609.04,97828,115437.04,0,PO-6171,GRN-6738,Finance,Bengaluru,VR-6285,Vendor GSTIN intentionally blank for validation practice
ZB-2066,BILL-2066,2025-12-12,2026-01-26,VEND-002,BoxPro Materials,27AADCB2222B1Z2,Maharashtra,Paid,INR,1,Professional Fees,Packaging material,59,1329,GST 18%,18,14113.98,78411,92524.98,0,PO-5663,GRN-4003,Administration,Ahmedabad,VR-9586,Synthetic Zoho-style export
ZB-2067,BILL-2067,2025-12-21,2026-01-05,VEND-002,BoxPro Materials,27AADCB2222B1Z2,Maharashtra,Paid,INR,1,Professional Fees,Technology service,24,1595,GST 18%,18,6890.4,38280,45170.4,0,PO-6066,GRN-6072,Administration,Ahmedabad,VR-2992,Synthetic Zoho-style export
ZB-2068,BILL-2068,2025-12-13,2025-12-28,VEND-001,Alpha Supplies Pvt Ltd,24AADCA1111A1Z1,Gujarat,Overdue,INR,1,Repairs & Maintenance,Transport service,67,1316,GST 18%,18,15870.96,88172,104042.96,104042.96,PO-6561,GRN-5306,Administration,Bengaluru,VR-9242,Synthetic Zoho-style export
ZB-2069,BILL-2069,2025-12-04,2026-01-03,VEND-008,Horizon Security,,Gujarat,Overdue,INR,1,Repairs & Maintenance,Transport service,28,2506,GST 18%,18,12630.24,70168,82798.24,82798.24,PO-4135,GRN-5592,Finance,Delhi,VR-9290,Vendor GSTIN intentionally blank for validation practice
ZB-2070,BILL-2070,2025-12-13,2026-01-27,VEND-003,Crest Logistics,19AADCC3333C1Z3,West Bengal,Partially Paid,INR,1,Purchases,Transport service,40,2108,GST 18%,18,15177.6,84320,99497.6,49748.8,PO-5710,GRN-4466,Operations,Bengaluru,VR-5703,Synthetic Zoho-style export
ZB-2071,BILL-DUP-01,2025-12-15,2026-01-29,VEND-007,Global Packaging,24AADCG7777G1Z7,Gujarat,Partially Paid,INR,1,Purchases,Technology service,55,1136,GST 18%,18,11246.4,62480,73726.4,36863.2,,,Finance,Ahmedabad,VR-8462,Synthetic Zoho-style export
ZB-2072,BILL-DUP-01,2025-12-25,2026-01-24,VEND-003,Crest Logistics,19AADCC3333C1Z3,West Bengal,Paid,INR,1,Freight & Delivery,Facility service,47,958,GST 18%,18,8104.68,45026,53130.68,0,PO-6960,GRN-5138,Finance,Delhi,VR-5040,Synthetic Zoho-style export
ZB-2073,BILL-2073,2026-01-05,2026-02-04,VEND-005,Evergreen Technologies,29AADCE5555E1Z5,Karnataka,Partially Paid,INR,1,Purchases,Packaging material,59,1528,GST 18%,18,16227.36,90152,106379.36,53189.68,PO-4502,GRN-5058,Finance,Delhi,VR-1471,Synthetic Zoho-style export
ZB-2074,BILL-2074,2026-01-09,2026-02-08,VEND-003,Crest Logistics,19AADCC3333C1Z3,West Bengal,Partially Paid,INR,1,Repairs & Maintenance,Transport service,35,1146,GST 18%,18,7219.8,40110,47329.8,23664.9,PO-6406,GRN-6312,Finance,Kolkata,VR-1465,Synthetic Zoho-style export
ZB-2075,BILL-2075,2026-01-24,2026-03-10,VEND-008,Horizon Security,,Gujarat,Paid,INR,1,Repairs & Maintenance,Technology service,88,2011,GST 18%,18,31854.24,176968,208822.24,0,PO-6772,GRN-5519,Administration,Kolkata,VR-3043,Vendor GSTIN intentionally blank for validation practice
ZB-2076,BILL-2076,2026-01-06,2026-02-20,VEND-006,FastTrack Transport,33AADCF6666F1Z6,Tamil Nadu,Paid,INR,1,Repairs & Maintenance,Technology service,29,1743,GST 18%,18,9098.46,50547,59645.46,0,PO-6710,GRN-5865,Finance,Bengaluru,VR-7298,Synthetic Zoho-style export
ZB-2077,BILL-2077,2026-01-12,2026-01-27,VEND-007,Global Packaging,24AADCG7777G1Z7,Gujarat,Paid,INR,1,Repairs & Maintenance,Transport service,47,2613,GST 18%,18,22105.98,122811,144916.98,0,PO-6996,,Finance,Bengaluru,VR-3620,Synthetic Zoho-style export
ZB-2078,BILL-2078,2026-01-16,2026-02-15,VEND-002,BoxPro Materials,27AADCB2222B1Z2,Maharashtra,Paid,INR,1,Professional Fees,Packaging material,63,2113,GST 18%,18,23961.42,133119,157080.42,0,PO-6885,GRN-5574,Technology,Ahmedabad,VR-8140,Synthetic Zoho-style export
ZB-2079,BILL-2079,2026-01-18,2026-03-04,VEND-005,Evergreen Technologies,29AADCE5555E1Z5,Karnataka,Paid,INR,1,Purchases,Technology service,18,1134,GST 18%,18,3674.16,20412,24086.16,0,PO-6130,GRN-4992,Technology,Kolkata,VR-9733,Synthetic Zoho-style export
ZB-2080,BILL-2080,2026-01-24,2026-02-23,VEND-004,Dyna Services,07AADCD4444D1Z4,Delhi,Paid,INR,1,Purchases,Transport service,26,1699,GST 18%,18,7951.32,44174,52125.32,0,PO-4582,GRN-5634,Technology,Kolkata,VR-6409,Synthetic Zoho-style export
ZB-2081,BILL-2081,2026-02-12,2026-03-29,VEND-005,Evergreen Technologies,29AADCE5555E1Z5,Karnataka,Paid,INR,1,Freight & Delivery,Technology service,71,2537,GST 18%,18,32422.86,180127,212549.86,0,PO-5041,GRN-6372,Operations,Kolkata,VR-3275,Synthetic Zoho-style export
ZB-2082,BILL-2082,2026-02-01,2026-02-16,VEND-008,Horizon Security,,Gujarat,Partially Paid,INR,1,Professional Fees,Packaging material,60,2386,GST 18%,18,25768.8,143160,168928.8,84464.4,PO-5639,GRN-4974,Finance,Bengaluru,VR-2129,Vendor GSTIN intentionally blank for validation practice
ZB-2083,BILL-2083,2026-02-15,2026-03-02,VEND-008,Horizon Security,,Gujarat,Paid,INR,1,Purchases,Packaging material,34,2406,GST 18%,18,14724.72,81804,96528.72,0,PO-6976,GRN-6399,Technology,Ahmedabad,VR-6980,Vendor GSTIN intentionally blank for validation practice
ZB-2084,BILL-2084,2026-02-10,2026-03-12,VEND-002,BoxPro Materials,27AADCB2222B1Z2,Maharashtra,Overdue,INR,1,Purchases,Facility service,64,2542,GST 18%,18,29283.84,162688,191971.84,191971.84,PO-4507,GRN-5828,Technology,Delhi,VR-9652,Synthetic Zoho-style export
ZB-2085,BILL-2085,2026-02-15,2026-04-01,VEND-003,Crest Logistics,19AADCC3333C1Z3,West Bengal,Paid,INR,1,Freight & Delivery,Facility service,34,1793,GST 18%,18,10973.16,60962,71935.16,0,PO-6792,GRN-6652,Technology,Bengaluru,VR-2062,Synthetic Zoho-style export
ZB-2086,BILL-2086,2026-02-02,2026-02-17,VEND-004,Dyna Services,07AADCD4444D1Z4,Delhi,Overdue,INR,1,Professional Fees,Facility service,13,1305,GST 18%,18,3053.7,16965,20018.7,20018.7,PO-6118,,Sales,Mumbai,VR-5403,Synthetic Zoho-style export
ZB-2087,BILL-2087,2026-02-20,2026-03-22,VEND-001,Alpha Supplies Pvt Ltd,24AADCA1111A1Z1,Gujarat,Paid,INR,1,Repairs & Maintenance,Transport service,70,2172,GST 18%,18,27367.2,152040,179407.2,0,PO-6529,GRN-4849,Operations,Ahmedabad,VR-9133,Synthetic Zoho-style export
ZB-2088,BILL-2088,2026-02-01,2026-02-16,VEND-002,BoxPro Materials,27AADCB2222B1Z2,Maharashtra,Partially Paid,INR,1,Repairs & Maintenance,Facility service,75,1766,GST 18%,18,23841,132450,156291,78145.5,PO-6265,GRN-4750,Sales,Delhi,VR-1714,Synthetic Zoho-style export
ZB-2089,BILL-2089,2026-03-20,2026-04-19,VEND-008,Horizon Security,,Gujarat,Paid,INR,1,Repairs & Maintenance,Packaging material,10,1369,GST 18%,18,2464.2,13690,16154.2,0,PO-4531,GRN-6471,Operations,Ahmedabad,VR-2200,Vendor GSTIN intentionally blank for validation practice
ZB-2090,BILL-2090,2026-03-22,2026-04-21,VEND-008,Horizon Security,,Gujarat,Paid,INR,1,Repairs & Maintenance,Packaging material,11,2747,GST 18%,18,5439.06,30217,35656.06,0,PO-5939,GRN-5971,Operations,Mumbai,VR-1107,Vendor GSTIN intentionally blank for validation practice
ZB-2091,BILL-2091,2026-03-08,2026-04-07,VEND-002,BoxPro Materials,27AADCB2222B1Z2,Maharashtra,Open,INR,1,Professional Fees,Packaging material,35,2079,GST 18%,18,13097.7,72765,85862.7,42931.35,PO-5469,GRN-4721,Sales,Kolkata,VR-6863,Synthetic Zoho-style export
ZB-2092,BILL-2092,2026-03-18,2026-05-02,VEND-006,FastTrack Transport,33AADCF6666F1Z6,Tamil Nadu,Open,INR,1,Professional Fees,Facility service,22,1368,GST 18%,18,5417.28,30096,35513.28,17756.64,PO-5809,GRN-4092,Operations,Mumbai,VR-4158,Synthetic Zoho-style export
ZB-2093,BILL-2093,2026-03-04,2026-04-18,VEND-003,Crest Logistics,19AADCC3333C1Z3,West Bengal,Paid,INR,1,Repairs & Maintenance,Technology service,74,1985,GST 18%,18,26440.2,146890,173330.2,0,PO-6912,GRN-5920,Administration,Ahmedabad,VR-5676,Synthetic Zoho-style export
ZB-2094,BILL-2094,2026-03-20,2026-04-19,VEND-008,Horizon Security,,Gujarat,Open,INR,1,Purchases,Packaging material,56,2031,GST 18%,18,20472.48,113736,134208.48,134208.48,,,Technology,Mumbai,VR-7456,Vendor GSTIN intentionally blank for validation practice
ZB-2095,BILL-2095,2026-03-19,2026-04-03,VEND-007,Global Packaging,24AADCG7777G1Z7,Gujarat,Paid,INR,1,Repairs & Maintenance,Packaging material,66,934,GST 18%,18,11095.92,61644,72739.92,0,PO-5655,GRN-6935,Sales,Delhi,VR-9456,Synthetic Zoho-style export
ZB-2096,BILL-2096,2026-03-12,2026-04-11,VEND-001,Alpha Supplies Pvt Ltd,24AADCA1111A1Z1,Gujarat,Open,INR,1,Freight & Delivery,Packaging material,21,1769,GST 18%,18,6686.82,37149,43835.82,43835.82,PO-4117,GRN-5468,Technology,Ahmedabad,VR-5583,Synthetic Zoho-style export
